{"cameraMode":{"drawMode":0,"name":"Shaded","section":"Shading Mode"},"sceneLighting":false,"audioPlay":false,"sceneViewState":{"showFog":true,"showMaterialUpdate":false,"showSkybox":true,"showFlares":true,"showImageEffects":true,"showParticleSystems":true},"in2DMode":false,"pivot":{"x":353.5398254394531,"y":930.333740234375,"z":-3.4423375129699709},"rotation":{"x":-0.3015711009502411,"y":0.2030189335346222,"z":-0.06588636338710785,"w":-0.9292455315589905},"size":281.9469299316406,"orthographic":false}